computerPower,downSpeed,Useless,Useless1
122625.790000,26.680000,1.0,0.0
115044.080000,25.730000,1.0,0.0
124273.980000,29.630000,1.0,0.0
116362.640000,30.140000,0.0,1.0
