computerPower,downSpeed,Useless,Useless1
0.821429,0.215420,1.000000,0.000000
0.000000,0.000000,1.000000,0.000000
1.000000,0.884354,1.000000,0.000000
0.142857,1.000000,0.000000,1.000000
